M_omega,sigma_over_pi_M2
5.000000000000000278e-02,2.374715504019299317e+01
7.499999999999999722e-02,2.870204899369551299e+01
1.000000000000000056e-01,3.259487761664593108e+01
1.250000000000000000e-01,3.371703857877356825e+01
1.499999999999999944e-01,3.184101136665826459e+01
1.749999999999999889e-01,2.844713827780849158e+01
2.000000000000000111e-01,2.530407502821889310e+01
2.250000000000000056e-01,2.360221110863644611e+01
2.500000000000000000e-01,2.391769943886043137e+01
2.750000000000000222e-01,2.602429509629129356e+01
2.999999999999999889e-01,2.854383867236654382e+01
3.250000000000000111e-01,2.974793250491323704e+01
3.499999999999999778e-01,2.915582385126538156e+01
3.750000000000000000e-01,2.754448217468454629e+01
4.000000000000000222e-01,2.591801910795561881e+01
4.249999999999999889e-01,2.504439106895756595e+01
4.500000000000000111e-01,2.537690604754100931e+01
4.749999999999999778e-01,2.676490768063001013e+01
5.000000000000000000e-01,2.823139674705721092e+01
5.250000000000000222e-01,2.874097696077694764e+01
5.500000000000000444e-01,2.816368180658783515e+01
5.749999999999999556e-01,2.704847376533166425e+01
5.999999999999999778e-01,2.602500283475085041e+01
6.250000000000000000e-01,2.560028336875985033e+01
6.500000000000000222e-01,2.605535360257045596e+01
6.750000000000000444e-01,2.714975009923509219e+01
6.999999999999999556e-01,2.808135292041396980e+01
7.249999999999999778e-01,2.822419560205253930e+01
7.500000000000000000e-01,2.764667780400416319e+01
7.750000000000000222e-01,2.678830621841813553e+01
8.000000000000000444e-01,2.610044667829605203e+01
8.249999999999999556e-01,2.594825831983984799e+01
8.499999999999999778e-01,2.647946043376560255e+01
8.750000000000000000e-01,2.736869793984469723e+01
9.000000000000000222e-01,2.795212614188206146e+01
9.250000000000000444e-01,2.788006735848135875e+01
9.499999999999999556e-01,2.732089441526595763e+01
9.749999999999999778e-01,2.663792269651568034e+01
1.000000000000000000e+00,2.617892866367037641e+01
1.024999999999999911e+00,2.621417342361110414e+01
1.050000000000000044e+00,2.677902020635405833e+01
1.074999999999999956e+00,2.749073455103815888e+01
1.100000000000000089e+00,2.782306046981553038e+01
1.125000000000000000e+00,2.762090245221502371e+01
1.149999999999999911e+00,2.709539710808940782e+01
1.175000000000000044e+00,2.655096721131268467e+01
1.199999999999999956e+00,2.626707442674816306e+01
1.225000000000000089e+00,2.643791004600513617e+01
1.250000000000000000e+00,2.700006793630070590e+01
1.274999999999999911e+00,2.754742323513355018e+01
1.300000000000000044e+00,2.769238153174888595e+01
1.324999999999999956e+00,2.741378884061131416e+01
1.350000000000000089e+00,2.693265413902034311e+01
1.375000000000000000e+00,2.650699779338074791e+01
1.399999999999999911e+00,2.636586113769989836e+01
1.425000000000000044e+00,2.663366194469073989e+01
1.449999999999999956e+00,2.716218653508776271e+01
1.475000000000000089e+00,2.755699765531247536e+01
1.500000000000000000e+00,2.756244026484948861e+01
