l,k0,k,gamma_exact,gamma_box,gamma_grid,gamma_trotter
0,0.1,0.122718463,0.5037785716,0.5054420724,0.5216611017,0.4422366776
0,0.1,0.1104466167,0.4056961266,0.4066074572,0.3926706302,0.2741352755
0,0.1,0.09817477042,0.3108496492,0.3103795867,0.326457921,0.2992949352
0,0.1,0.08590292412,0.2254795954,0.2238856517,0.2102613746,0.1882975674
0,0.1,0.07363107782,0.1538834112,0.1521063642,0.130767421,0.09820314459
0,0.15,0.1840776945,0.8639990898,0.8633458847,0.883702854,0.8584883545
0,0.15,0.1718058482,0.8169308551,0.8162132969,0.7926687443,0.7894308124
0,0.15,0.1595340019,0.7571517853,0.7568439743,0.7795139135,0.7539908948
0,0.15,0.1472621556,0.6839548176,0.6845023791,0.6841016753,0.6519539092
0,0.15,0.1349903093,0.5983808358,0.5998030618,0.5628937512,0.5376808398
0,0.15,0.122718463,0.5037785716,0.5054420724,0.4998967507,0.4823947706
0,0.21,0.2331650798,0.9617328192,0.961942668,0.9668563129,0.9652655254
0,0.21,0.2208932335,0.9470910422,0.9472659017,0.9658032417,0.9606122758
0,0.21,0.2086213872,0.9270903939,0.927077138,0.915761556,0.9095778017
0,0.21,0.1963495408,0.9000442185,0.8997081188,0.8723242809,0.8667288982
0,0.21,0.1840776945,0.8639990898,0.8633458847,0.8673195322,0.8627826431
1,0.24,0.2945243113,0.4783471182,0.483139063,0.4840640921,0.4734949367
1,0.24,0.2699806187,0.2904449581,0.2907421902,0.2892892499,0.2806052707
1,0.24,0.2454369261,0.1515889375,0.1483129294,0.148582648,0.1427021078
1,0.24,0.2208932335,0.0705079458,0.06985114556,0.0722443604,0.06907769599
1,0.24,0.1963495408,0.03015271035,0.0313079808,0.02731452665,0.02603829508
1,0.24,0.1718058482,0.01202178934,0.0124972904,0.009162984316,0.008634117569
1,0.3,0.3681553891,0.9032182637,0.9028891711,0.9115559098,0.9098282179
1,0.3,0.3436116965,0.8136705513,0.8108447867,0.8007320822,0.7995113719
1,0.3,0.3190680039,0.6685034887,0.6685356302,0.6805544403,0.6758956903
1,0.3,0.2945243113,0.4783471182,0.483139063,0.4782198725,0.4725630351
1,0.3,0.2699806187,0.2904449581,0.2907421902,0.2802271936,0.2758956515
1,0.3,0.2454369261,0.1515889375,0.1483129294,0.1497325799,0.146756702
1,0.37,0.4172427743,0.976339936,0.9765911146,0.9465035316,0.9475187573
1,0.37,0.3926990817,0.9517391545,0.9526451026,0.9833719495,0.9833663406
1,0.37,0.3681553891,0.9032182637,0.9028891711,0.9114296915,0.9103710283
1,0.37,0.3436116965,0.8136705513,0.8108447867,0.7555027634,0.7542064567
1,0.37,0.3190680039,0.6685034887,0.6685356302,0.6241076667,0.6227012415
2,0.42,0.4663301595,0.3423990431,0.3438863336,0.3449240782,0.338636199
2,0.42,0.4417864669,0.1873762182,0.1870095116,0.1845025321,0.1796028892
2,0.42,0.4172427743,0.09151001097,0.09059513898,0.09124927517,0.08824304201
2,0.42,0.3926990817,0.04152882229,0.04155152564,0.04306575498,0.04148517775
2,0.42,0.3681553891,0.01798393563,0.01832400838,0.01791071559,0.01718938132
2,0.49,0.5399612373,0.8484958498,0.8481112926,0.8900125494,0.8902666647
2,0.49,0.5154175447,0.7193428766,0.7184378462,0.7238715036,0.7205829797
2,0.49,0.4908738521,0.5373654992,0.5379258868,0.5065750984,0.5026586857
2,0.49,0.4663301595,0.3423990431,0.3438863336,0.3283048176,0.3250150488
2,0.49,0.4417864669,0.1873762182,0.1870095116,0.2092238876,0.2066035955
2,0.56,0.6135923152,0.982322948,0.982389296,1.009032692,1.011198852
2,0.56,0.5890486225,0.9630420577,0.9632040007,1.016936423,1.016659448
2,0.56,0.5645049299,0.9238341328,0.9239743405,0.9045408276,0.9035194383
2,0.56,0.5399612373,0.8484958498,0.8481112926,0.7674300166,0.7667349623
2,0.56,0.5154175447,0.7193428766,0.7184378462,0.672468133,0.672322357
2,0.56,0.4908738521,0.5373654992,0.5379258868,0.661174037,0.6617013374
