M_omega,gamma_l0,gamma_l1,gamma_l2,gamma_l3,gamma_l4,gamma_l5
5.000000000000000104e-03,4.135127306524620842e-04,1.148118755299872925e-09,5.101526775388551741e-16,9.369111709447976091e-23,9.441674957834898548e-30,6.020602406618419794e-37
1.000000000000000021e-02,1.714299491446843581e-03,1.902630272485634394e-08,3.379692577611804062e-14,2.482086207387129202e-20,1.000361727481026902e-26,2.551296450265561734e-33
1.499999999999999944e-02,4.005254571975249908e-03,9.997651353350349282e-08,3.992464887716563829e-13,6.594607998018108780e-19,5.978707094263625426e-25,3.430231830673570075e-31
2.000000000000000042e-02,7.404808474006932366e-03,3.286356621503517332e-07,2.330664433207503957e-12,6.840421063763638497e-18,1.102159535902204496e-23,1.123951458056036122e-29
2.500000000000000139e-02,1.204587717926575152e-02,8.361131738148300876e-07,9.253667534131534633e-12,4.241037921561762551e-17,1.067315859217411967e-22,1.700227437705042693e-28
2.999999999999999889e-02,1.807458342151881808e-02,1.810176319152658645e-06,2.880877497648833368e-11,1.899950240542824256e-16,6.882405744368811603e-22,1.578304321017069862e-27
3.500000000000000333e-02,2.564835849124982511e-02,3.507802392514978137e-06,7.586854487394175786e-11,6.805096625796013405e-16,3.353652980344971627e-21,1.046454315257990381e-26
4.000000000000000083e-02,3.493314681700004920e-02,6.270531875165521295e-06,1.768426491227126875e-10,2.070010705384097318e-15,1.331715726734773133e-20,5.425513512320766142e-26
4.499999999999999833e-02,4.609947572698692986e-02,1.054314118811576973e-05,3.756455547840455173e-10,5.559913170105302159e-15,4.524426798480753326e-20,2.331993020247433623e-25
5.000000000000000278e-02,5.931719513940222899e-02,1.689625066028935797e-05,7.418009213087896975e-10,1.354139124665257791e-14,1.359586770619968505e-19,8.647721605318918957e-25
5.500000000000000028e-02,7.474876124984890235e-02,2.605359556272420437e-05,1.381279042006192030e-09,3.047809117502681219e-14,3.700261826465305644e-19,2.846532654988287626e-24
5.999999999999999778e-02,9.254104877740296220e-02,3.892481814674748875e-05,2.450813583235191017e-09,6.428568747820169692e-14,9.281865851380507046e-19,8.493521073270638577e-24
6.500000000000000222e-02,1.128158357323333361e-01,5.664478939593052152e-05,4.176627413402267604e-09,1.284255611445529163e-13,2.174604131210057564e-18,2.334195160879063875e-23
7.000000000000000666e-02,1.356593121755473585e-01,8.062064370034543776e-05,6.878721543963922119e-09,2.450070780094597843e-13,4.807788792459092816e-18,5.981926636681020593e-23
7.499999999999999722e-02,1.611112068422041188e-01,1.125879111383297807e-04,1.100215459938228418e-08,4.492937590936788183e-13,1.011295444404367385e-17,1.443640828704495940e-22
8.000000000000000167e-02,1.891543740119852324e-01,1.546773639398902787e-04,1.715707292794944470e-08,7.961395305512508001e-13,2.037207377017722050e-17,3.306912866930781672e-22
8.500000000000000611e-02,2.197058926361619147e-01,2.094944595078069779e-04,2.616965556616836074e-08,1.369050301903594095e-12,3.951403202623610623e-17,7.236625416741590741e-22
8.999999999999999667e-02,2.526108440130632737e-01,2.802135654943012561e-04,3.914662823579779314e-08,2.292783419485546131e-12,7.412381908574177706e-17,1.520967107422479674e-21
9.500000000000000111e-02,2.876398961534752385e-01,3.706894959285668228e-04,5.755659361055170116e-08,3.750675596592347691e-12,1.349802564644190792e-16,3.084009492633145676e-21
1.000000000000000056e-01,3.244915916431095337e-01,4.855892735270421370e-04,8.333214178037627507e-08,6.008244255020353698e-12,2.393610918710832652e-16,6.055701602845701945e-21
1.049999999999999961e-01,3.627998051959648862e-01,6.305474630008665610e-04,1.189975695927209029e-07,9.445057028228464165e-12,4.144486240532292681e-16,1.155219761374094647e-20
1.100000000000000006e-01,4.021462491755585233e-01,8.123488920461143393e-04,1.678280794209679709e-07,1.459743317534066164e-11,7.022964269699461601e-16,2.146928399104862234e-20
1.150000000000000050e-01,4.420772510431675850e-01,1.039143085893873362e-03,2.340475814236414056e-07,2.221525804291750479e-11,1.166988687793244740e-15,3.896393186385446193e-20
1.199999999999999956e-01,4.821234293902714740e-01,1.320695277764631593e-03,3.230737294552987592e-07,3.333709338309622856e-11,1.904851650604812042e-15,6.919988405641109342e-20
1.250000000000000000e-01,5.218204801339398902e-01,1.668679403502230279e-03,4.418206281167488507e-07,4.938889635645963559e-11,3.058879001048643354e-15,1.204864207429451558e-19
1.300000000000000044e-01,5.607291423573896871e-01,2.097019015489429063e-03,5.990718144856222457e-07,7.231307238924408965e-11,4.838931932051804702e-15,2.059961418438749678e-19
1.350000000000000089e-01,5.984525728045160253e-01,2.622282514702201084e-03,8.059387110830743562e-07,1.047363477224354259e-10,7.549798418610446779e-15,3.463267993658742690e-19
1.400000000000000133e-01,6.346497774208988973e-01,3.264139435295352817e-03,1.076422847191238180e-06,1.501871371060379327e-10,1.162988093699077903e-14,5.732820477815512493e-19
1.449999999999999900e-01,6.690443298794072069e-01,4.045884629878987969e-03,1.428103849179130973e-06,2.133757989267177712e-10,1.770417320360752651e-14,9.353972996057444758e-19
1.499999999999999944e-01,7.014282278557107952e-01,4.995036963960536834e-03,1.882979619382965074e-06,3.005545337218266615e-10,2.665634231702339978e-14,1.505944060223318901e-18
1.549999999999999989e-01,7.316612844641023905e-01,6.144018352949103326e-03,2.468490390588471305e-06,4.199778380631440075e-10,3.972622594497533250e-14,2.394428166895330017e-18
1.600000000000000033e-01,7.596668468685323639e-01,7.530917420036310241e-03,3.218764615632369457e-06,5.824895507071936009e-10,5.864097677797149859e-14,3.762979258751161859e-18
1.650000000000000078e-01,7.854248452717248474e-01,9.200339393909177932e-03,4.176132113905837835e-06,8.022688359121909386e-10,8.579055375162047434e-14,5.849543300084362516e-18
1.700000000000000122e-01,8.089632141450555647e-01,1.120433968354857951e-02,5.392958766432610645e-06,1.097775199231771545e-09,1.244614161055304589e-13,9.000479820228703634e-18
1.749999999999999889e-01,8.303486329542497657e-01,1.360343233783714405e-02,6.933867583278763252e-06,1.492942137643654880e-09,1.791463029987569717e-13,1.371608635162642507e-17
1.799999999999999933e-01,8.496773566581299342e-01,1.646765568517136874e-02,8.878423463848114262e-06,2.018680667614953112e-09,2.559531037665253251e-13,2.071379650272305007e-17
1.849999999999999978e-01,8.670666956220105526e-01,1.987766511572215677e-02,1.132437378319782606e-05,2.714768209139024316e-09,3.631423230308836622e-13,3.101541850693839225e-17
1.900000000000000022e-01,8.826474982249727930e-01,2.392580642470996249e-02,1.439155448112662204e-05,3.632215682556347796e-09,5.118308701664083106e-13,4.606691825889252562e-17
1.950000000000000067e-01,8.965578115326076070e-01,2.871710161901937230e-02,1.822659208970336484e-05,4.836226862253201555e-09,7.169102877427049962e-13,6.790205948920101720e-17
2.000000000000000111e-01,9.089377573467650739e-01,3.437005204013111187e-02,2.300855667665630675e-05,6.409889826852866401e-09,9.982406157572948238e-13,9.936489224605701740e-17
2.049999999999999878e-01,9.199255644126657083e-01,4.101713098057147705e-02,2.895574967131765164e-05,8.458771710539994782e-09,1.382197532455330688e-12,1.444108830263818629e-16
2.099999999999999922e-01,9.296546381345658361e-01,4.880480044689428087e-02,3.633384474418819361e-05,1.111662604682589983e-08,1.903671039010531459e-12,2.085127296425243642e-16
2.149999999999999967e-01,9.382515194897106392e-01,5.789284656219496200e-02,4.546564024018261266e-05,1.455246819297740425e-08,2.608639776806347939e-12,2.992050135325568468e-16
2.200000000000000011e-01,9.458345768634824902e-01,6.845278964533831056e-02,5.674272915458789104e-05,1.897933028792982863e-08,3.557477328555974707e-12,4.268123356772720445e-16
2.250000000000000056e-01,9.525132809765815001e-01,8.066509548553785214e-02,7.063944850627939674e-05,2.466507491726481636e-08,4.829187091691632619e-12,6.054191234901676028e-16
2.300000000000000100e-01,9.583879279584585076e-01,9.471490448587627231e-02,8.772953560502764158e-05,3.194572851949257214e-08,6.526812406251403652e-12,8.541567253975850655e-16
2.349999999999999867e-01,9.635496945171918570e-01,1.107860195488214322e-01,1.087059957278413495e-04,4.124189441650995500e-08,8.784330877879180737e-12,1.198905787888265268e-15
2.399999999999999911e-01,9.680809290235758979e-01,1.290529688984657086e-01,1.344047759706970633e-04,5.307892457744268624e-08,1.177541909041289492e-11,1.674540573650156918e-15
2.449999999999999956e-01,9.720556012576079263e-01,1.496711036655548333e-01,1.658329456024185047e-04,6.811167292215055148e-08,1.572456960800283640e-11,2.327878510545583839e-15
2.500000000000000000e-01,9.755398505310000079e-01,1.727649143643651131e-01,2.042022065147719792e-04,8.715482594682490544e-08,2.092116055420134080e-11,3.221544972262122717e-15
2.550000000000000044e-01,9.785925864131791441e-01,1.984150556446653557e-01,2.509687009636001661e-04,1.112200145313927076e-07,2.773722428993253308e-11,4.439022728571959418e-15
2.600000000000000089e-01,9.812661083107221405e-01,2.266449343812525774e-01,3.078802506793326113e-04,1.415611608354136976e-07,3.664984207114145211e-11,6.091230982301965540e-15
2.650000000000000133e-01,9.836067198163958025e-01,2.574080935278300064e-01,3.770323548336391062e-04,1.797298144057132132e-07,4.826931374893425995e-11,8.325074570742282781e-15
2.700000000000000178e-01,9.856553213302731153e-01,2.905779343917200275e-01,4.609344976480816806e-04,2.276425918176063023e-07,6.337452484833992891e-11,1.133452491780930657e-14
2.750000000000000222e-01,9.874479702785675661e-01,3.259414630409931402e-01,5.625885731673699449e-04,2.876632658746100188e-07,8.295726914094266865e-11,1.537494712222173288e-14
2.800000000000000266e-01,9.890164026211191173e-01,3.631986239140410078e-01,6.855815285406398514e-04,3.627025675610891624e-07,1.082776967951680260e-10,2.078158015533769984e-14
2.849999999999999756e-01,9.903885125404292555e-01,4.019683329493822233e-01,8.341946611396821882e-04,4.563393827513219335e-07,1.409335631089941191e-10,2.799331948875146625e-14
2.899999999999999800e-01,9.915887894885713205e-01,4.418015539084112486e-01,1.013532381540543231e-03,5.729677659148594484e-07,1.829465709172081551e-10,3.758325589782461823e-14
2.949999999999999845e-01,9.926387133464436019e-01,4.822007798619105112e-01,1.229673675563212930e-03,7.179750774172371636e-07,2.368698555284178699e-10,5.029780602307349504e-14
2.999999999999999889e-01,9.935571094931621161e-01,5.226442775828992193e-01,1.489849962769043646e-03,8.979576073946309330e-07,3.059215841733713164e-10,6.710674842395896391e-14
3.049999999999999933e-01,9.943604662294655006e-01,5.626126561744626553e-01,1.802653553089840184e-03,1.120981309481060722e-06,3.941507682587349688e-10,8.926707675008927894e-14
3.099999999999999978e-01,9.950632173568010330e-01,6.016149317625797410e-01,2.178281437619368488e-03,1.396896770927426172e-06,5.066427595307626802e-10,1.184043281790398546e-13
3.150000000000000022e-01,9.956779928614072350e-01,6.392113768479440461e-01,2.628819699609298999e-03,1.737719336936791704e-06,6.497735729881409540e-10,1.566159760504896330e-13
3.200000000000000067e-01,9.962158406641968833e-01,6.750310301893006626e-01,3.168574369284074630e-03,2.158087440348485344e-06,8.315242126123987881e-10,2.066026345696635622e-13
3.250000000000000111e-01,9.966864223040782234e-01,7.087826443675858679e-01,3.814455032344972202e-03,2.675814727406037550e-06,1.061868647649058978e-09,2.718342645881122420e-13
3.300000000000000155e-01,9.970981852748010965e-01,7.402588428930798603e-01,4.586417873512140843e-03,3.312554589871719904e-06,1.353252087331628729e-09,3.567603590903209171e-13
3.350000000000000200e-01,9.974585145489823779e-01,7.693341348317042083e-01,5.507975007975287121e-03,4.094599304937328943e-06,1.721179842427194992e-09,4.670753068578771613e-13
3.400000000000000244e-01,9.977738656193666511e-01,7.959580469809657277e-01,6.606776796237931459e-03,5.053840248869352367e-06,2.184941473442002173e-09,6.100528824894814358e-13
3.449999999999999734e-01,9.980498811787783531e-01,8.201449275416655693e-01,7.915273179850169927e-03,6.228920714614531883e-06,2.768500268274170646e-09,7.949672134884129780e-13
3.499999999999999778e-01,9.982914933548382441e-01,8.419619790553349858e-01,9.471458680284046416e-03,7.666618873066213160e-06,3.501584557031904183e-09,1.033621780182426697e-12
3.549999999999999822e-01,9.985030132187688867e-01,8.615168717738109772e-01,1.131970325570896829e-02,9.423505542414006467e-06,4.421025187028259621e-09,1.341013195298428372e-12
3.599999999999999867e-01,9.986882091035439446e-01,8.789459677897826229e-01,1.351166730146088034e-02,1.156792987655548355e-05,5.572392923923615644e-09,1.736162911871909412e-12
3.649999999999999911e-01,9.988503750958492855e-01,8.944038366899039749e-01,1.610729319263588463e-02,1.418239608699818718e-05,7.012000942935813539e-09,2.243157893534379805e-12
3.699999999999999956e-01,9.989923909107871758e-01,9.080544256863530839e-01,1.917585726267490367e-02,1.736640615308487784e-05,8.809351321186696955e-09,2.892450985389456769e-12
3.750000000000000000e-01,9.991167742171933597e-01,9.200639939449567484e-01,2.279705425369886809e-02,2.123985748687658325e-05,1.105012101585611618e-08,3.722483652775126528e-12
3.800000000000000044e-01,9.992257263547575930e-01,9.305957420360243537e-01,2.706207023220584540e-02,2.594710108056418052e-05,1.383980277218448376e-08,4.781708404936942783e-12
3.850000000000000089e-01,9.993211722703020383e-01,9.398059577047943591e-01,3.207457893441892360e-02,3.166178523989907144e-05,1.730814042775228042e-08,6.131106195650025525e-12
3.900000000000000133e-01,9.994047954003419942e-01,9.478414452625950615e-01,3.795156982947733848e-02,3.859263310659254788e-05,2.161452698001977003e-08,7.847316124862095011e-12
3.950000000000000178e-01,9.994780681370257769e-01,9.548379923523081514e-01,4.482388362971002904e-02,4.699032945402525430e-05,2.695456851622638378e-08,1.002652174615883190e-11
4.000000000000000222e-01,9.995422784358640733e-01,9.609196403252757701e-01,5.283629310745966562e-02,5.715572437916525045e-05,3.356805882513042077e-08,1.278927129848257718e-11
4.050000000000000266e-01,9.995985530536931618e-01,9.661985514535265107e-01,6.214692583826762762e-02,6.944959940577522342e-05,4.174865960126740233e-08,1.628644953634319324e-11
4.099999999999999756e-01,9.996478778442974278e-01,9.707752993303710998e-01,7.292578490862811069e-02,8.430428608570862822e-05,5.185564123695546784e-08,2.070666812295768500e-11
4.149999999999999800e-01,9.996911154849621450e-01,9.747394425956517061e-01,8.535209062572511607e-02,1.022374796485121963e-04,6.432811123863458994e-08,2.628540170747770186e-11
4.199999999999999845e-01,9.997290209602169853e-01,9.781702733357902080e-01,9.961015139298191878e-02,1.238686518391801401e-04,7.970224363160303699e-08,3.331627015730763165e-11
4.249999999999999889e-01,9.997622550878333403e-01,9.811376585704717490e-01,1.158834896204713333e-01,1.499385393916763572e-04,9.863212609013163755e-08,4.216495678638214322e-11
4.299999999999999933e-01,9.997913963356026557e-01,9.837029156374246242e-01,1.343470164984189863e-01,1.813322693098256926e-04,1.219149652585892282e-07,5.328636122861903135e-11
4.349999999999999978e-01,9.998169511462092762e-01,9.859196801662403198e-01,1.551571861846527400e-01,2.191067812941411446e-04,1.505215387153376620e-07,6.724571796446704518e-11
4.400000000000000022e-01,9.998393629576114439e-01,9.878347391674126010e-01,1.784402800267840539e-01,2.645233234507138190e-04,1.856329589712075126e-07,8.474457241302046829e-11
4.450000000000000067e-01,9.998590200953120233e-01,9.894888121758175226e-01,2.042792780953036069e-01,3.190859325208280652e-04,2.286850262914487916e-07,1.066527019382819192e-10
4.500000000000000111e-01,9.998762626485350191e-01,9.909172710116403993e-01,2.327001511809570211e-01,3.845869669162079829e-04,2.814216995928753748e-07,1.340473063670430704e-10
4.550000000000000155e-01,9.998913885103744015e-01,9.921507941470280034e-01,2.636588048973668164e-01,4.631609431006423984e-04,3.459595160245677673e-07,1.682610803714307189e-10
4.600000000000000200e-01,9.999046586370313738e-01,9.932159553988983980e-01,2.970302493406539734e-01,5.573481365563220675e-04,4.248651492924657571e-07,2.109411288653144942e-10
4.650000000000000244e-01,9.999163016549199590e-01,9.941357491300587546e-01,3.326017482078386656e-01,6.701696512486192414e-04,5.212487255055890092e-07,2.641211090938000603e-10
4.699999999999999734e-01,9.999265178882636995e-01,9.949300556671463180e-01,3.700716124866393897e-01,8.052159396739129752e-04,6.388760261397428582e-07,3.303094945251661657e-10
4.749999999999999778e-01,9.999354828819211338e-01,9.956160515005549883e-01,4.090548710560087953e-01,9.667510725864329182e-04,7.823033162944376212e-07,4.125974743870229496e-10
4.799999999999999822e-01,9.999433504829370323e-01,9.962085692164577289e-01,4.490962724398502859e-01,1.159835416184104009e-03,9.570392610301741904e-07,5.147907506382448771e-10
4.849999999999999867e-01,9.999502555367092427e-01,9.967204121767171410e-01,4.896900483765826984e-01,1.390469776669946318e-03,1.169739254787614100e-06,6.415703979200897237e-10
4.899999999999999911e-01,9.999563162459474963e-01,9.971626288189402443e-01,5.303047970272868339e-01,1.665764517945473970e-03,1.428438514801062041e-06,7.986890431551981665e-10
4.949999999999999956e-01,9.999616362350693954e-01,9.975447511754057528e-01,5.704109687932436001e-01,1.994137644636833056e-03,1.742831508907740448e-06,9.932099382353585049e-10
5.000000000000000000e-01,9.999663063572448163e-01,9.978750018645032860e-01,6.095079830462023507e-01,2.385546363364542555e-03,2.124606737688846725e-06,1.233798087153070969e-09
5.050000000000000044e-01,9.999704062760036427e-01,9.981604734287956582e-01,6.471480893652651334e-01,2.851757176255682261e-03,2.587847612815745610e-06,1.531074502991935804e-09
5.100000000000000089e-01,9.999740058498206574e-01,9.984072835072120844e-01,6.829546857838422191e-01,3.406660100185425217e-03,3.149512217869289835e-06,1.898046975726018847e-09
5.150000000000000133e-01,9.999771663446207492e-01,9.986207089542771254e-01,7.166337572554913882e-01,4.066633107528971891e-03,3.830007164885139171e-06,2.350633507591826498e-09
5.200000000000000178e-01,9.999799414955734544e-01,9.988053016615141555e-01,7.479781624695666098e-01,4.850963295945884789e-03,4.653873638639089651e-06,2.908297912890016831e-09
5.250000000000000222e-01,9.999823784366730361e-01,9.989649885100915228e-01,7.768654430113306475e-01,5.782331537473290629e-03,5.650607134949877562e-06,3.594821095684597234e-09
5.300000000000000266e-01,9.999845185154432325e-01,9.991031575818372090e-01,8.032504928913798414e-01,6.887367319333887600e-03,6.855636446217077944e-06,4.439236347259194261e-09
5.350000000000000311e-01,9.999863980061419744e-01,9.992227324882759776e-01,8.271547460655944706e-01,8.197280014097654832e-03,8.311492242521448286e-06,5.476962805219054446e-09
5.400000000000000355e-01,9.999880487349270819e-01,9.993262364356030325e-01,8.486535435210839085e-01,9.748571691438565404e-03,1.006920127590996554e-05,6.751178180854498672e-09
5.450000000000000400e-01,9.999894986275847941e-01,9.994158474314422946e-01,8.678631165688698301e-01,1.158383452143297784e-02,1.218994895787511589e-05,8.314480219980374068e-09
5.500000000000000444e-01,9.999907721892763446e-01,9.994934458519937337e-01,8.849282746974784786e-01,1.375263244370667111e-02,1.474706101672449423e-05,1.023089638828813250e-08
5.550000000000000488e-01,9.999918909253475707e-01,9.995606554233716912e-01,9.000115084858598680e-01,1.631246160741937207e-02,1.782836435016306646e-05,1.257831329402446792e-08
5.600000000000000533e-01,9.999928737097852904e-01,9.996188785291142409e-01,9.132838766114179663e-01,1.932977652668516760e-02,2.153899831361249129e-05,1.545141176591378229e-08
5.649999999999999467e-01,9.999937371084474114e-01,9.996693266293420477e-01,9.249177761611450110e-01,2.288105823347648740e-02,2.600476083045563769e-05,1.896521076002848125e-08
5.699999999999999512e-01,9.999944956624523540e-01,9.997130464711312392e-01,9.350815072282155915e-01,2.705388614087753107e-02,3.137608923698965009e-05,2.325934392821170497e-08
5.749999999999999556e-01,9.999951621363540877e-01,9.997509426736291838e-01,9.439354294941454393e-01,3.194795602213199720e-02,3.783279410492829169e-05,2.850321740439298121e-08
5.799999999999999600e-01,9.999957477361033353e-01,9.997837971927959755e-01,9.516294551441450977e-01,3.767596172905002955e-02,4.558968590846631624e-05,3.490222693635869569e-08
5.849999999999999645e-01,9.999962622999213346e-01,9.998122860984246518e-01,9.583016118545790718e-01,4.436422759624512185e-02,5.490325990748739073e-05,4.270524785200529558e-08
5.899999999999999689e-01,9.999967144657898599e-01,9.998369940377030973e-01,9.640774260558415687e-01,5.215294214646692961e-02,6.607963466761107043e-05,5.221365360482897022e-08
5.949999999999999734e-01,9.999971118184637353e-01,9.998584267058626684e-01,9.690699077666334871e-01,6.119580313431444152e-02,7.948397503068426817e-05,6.379216912649331690e-08
5.999999999999999778e-01,9.999974610181303625e-01,9.998770216013703749e-01,9.733799551267544592e-01,7.165884238863609590e-02,9.555167199689349519e-05,7.788192549618807704e-08
6.049999999999999822e-01,9.999977679136204944e-01,9.998931573028122521e-01,9.770970335844141319e-01,8.371816222881930947e-02,1.148016009503352445e-04,9.501615438524903193e-08
6.099999999999999867e-01,9.999980376414742134e-01,9.999071614729929669e-01,9.803000182527304984e-01,9.755629276588012599e-02,1.378518371878077178e-04,1.158390465882427865e-07
6.149999999999999911e-01,9.999982747128953742e-01,9.999193177654102094e-01,9.830581167040998158e-01,1.133568844243677265e-01,1.654382752221720491e-04,1.411284013324085414e-07
6.199999999999999956e-01,9.999984830902866051e-01,9.999298717861211383e-01,9.854318130187037506e-01,1.312974994665851158e-01,1.984366774629092256e-04,1.718228151206393094e-07
6.250000000000000000e-01,9.999986662539753768e-01,9.999390362404195765e-01,9.874737925048200360e-01,1.515403790280746010e-01,2.378887705103174518e-04,2.090543043223807444e-07
6.300000000000000044e-01,9.999988272611841644e-01,9.999469953772315289e-01,9.892298207484176986e-01,1.742212550226308887e-01,2.850331155499464760e-04,2.541874290031524641e-07
6.350000000000000089e-01,9.999989687975903152e-01,9.999539088279368881e-01,9.907395612464208190e-01,1.994365574665001306e-01,3.413416056436537147e-04,3.088661918263822699e-07
6.400000000000000133e-01,9.999990932224924745e-01,9.999599149223837857e-01,9.920373235369303044e-01,2.272297278551548561e-01,4.085625897214019290e-04,3.750702314570111478e-07
6.450000000000000178e-01,9.999992026087668462e-01,9.999651335548117581e-01,9.931527391076866440e-01,2.575777517359624236e-01,4.887717938013808961e-04,4.551821221715125764e-07
6.500000000000000222e-01,9.999992987775475628e-01,9.999696686604442331e-01,9.941113659872705677e-01,2.903793990231598454e-01,5.844324075872719482e-04,5.520679389824858280e-07
6.550000000000000266e-01,9.999993833289481104e-01,9.999736103566917444e-01,9.949352252500335281e-01,3.254469094032848009e-01,6.984659325677179285e-04,6.691736609346293274e-07
6.600000000000000311e-01,9.999994576690357517e-01,9.999770367947367067e-01,9.956432740525663627e-01,3.625028702479164977e-01,8.343356495086163378e-04,8.106404765224744769e-07
6.650000000000000355e-01,9.999995230332349161e-01,9.999800157605805984e-01,9.962518205371645452e-01,4.011837136647444235e-01,9.961448622954091441e-04,9.814426389342433730e-07
6.700000000000000400e-01,9.999995805072897648e-01,9.999826060604355416e-01,9.967748861980928465e-01,4.410505774943994650e-01,1.188752414400197268e-03,1.187552212216930160e-06
6.750000000000000444e-01,9.999996310453012072e-01,9.999848587192675664e-01,9.972245212578012552e-01,4.816072984773582810e-01,1.417908356134846065e-03,1.436135872698058912e-06
6.800000000000000488e-01,9.999996754857244374e-01,9.999868180179521948e-01,9.976110783596763287e-01,5.223242055974828268e-01,1.690413066113806905e-03,1.735789907291794473e-06
6.850000000000000533e-01,9.999997145655623587e-01,9.999885223914108945e-01,9.979434495253470816e-01,5.626654008439343491e-01,2.014303597521868196e-03,2.096820709772744382e-06
6.899999999999999467e-01,9.999997489324716771e-01,9.999900052057938415e-01,9.982292709100332173e-01,6.021165978189748635e-01,2.399071523763765448e-03,2.531579451530753527e-06
6.949999999999999512e-01,9.999997791557705407e-01,9.999912954317539127e-01,9.984750994494459020e-01,6.402104991388467559e-01,2.855917088384088160e-03,3.054861234200904730e-06
6.999999999999999556e-01,9.999998057358663317e-01,9.999924182276901385e-01,9.986865650592924304e-01,6.765471536025066124e-01,3.398045002378669022e-03,3.684380964774952366e-06
7.049999999999999600e-01,9.999998291125767880e-01,9.999933954447002282e-01,9.988685016307848885e-01,7.108076170997188470e-01,4.041007748515327083e-03,4.441340484682224099e-06
7.099999999999999645e-01,9.999998496726363317e-01,9.999942460644957176e-01,9.990250596804911565e-01,7.427603194565521871e-01,4.803102701439295602e-03,5.351104197886557388e-06
7.149999999999999689e-01,9.999998677558801230e-01,9.999949865786097458e-01,9.991598031562388682e-01,7.722605636856898492e-01,5.705829686918154238e-03,6.444003656801072277e-06
7.199999999999999734e-01,9.999998836611769804e-01,9.999956313172834177e-01,9.992757925832403965e-01,7.992443599406779953e-01,6.774415686008984638e-03,7.756295368849270698e-06
7.249999999999999778e-01,9.999998976512192161e-01,9.999961927346696644e-01,9.993756564467426440e-01,8.237182276282452031e-01,8.038413104003813703e-03,9.331300588520741391e-06
7.299999999999999822e-01,9.999999099569286676e-01,9.999966816558909510e-01,9.994616524567716542e-01,8.457466897553146401e-01,9.532377180367805625e-03,1.122076118554986956e-05
7.349999999999999867e-01,9.999999207814543878e-01,9.999971074915219305e-01,9.995357201159350558e-01,8.654390095295352303e-01,1.129662645978772931e-02,1.348645197809054490e-05
7.399999999999999911e-01,9.999999303032696130e-01,9.999974784236848047e-01,9.995995258183349996e-01,8.829363872712920891e-01,1.337808743794873662e-02,1.620209736543251104e-05
7.449999999999999956e-01,9.999999386794040657e-01,9.999978015672362774e-01,9.996545015363963449e-01,8.984004483647136663e-01,1.583122010220853332e-02,1.945564889367716973e-05
7.500000000000000000e-01,9.999999460479083169e-01,9.999980831100020451e-01,9.997018780058747334e-01,9.120034873024071009e-01,1.871901455788852267e-02,2.335199078220852513e-05
7.550000000000000044e-01,9.999999525301113135e-01,9.999983284341825707e-01,9.997427131914874421e-01,9.239206338671079877e-01,2.211403959929143792e-02,2.801615271206602954e-05
7.600000000000000089e-01,9.999999582328076286e-01,9.999985422218354847e-01,9.997779167048231885e-01,9.343238918584201302e-01,2.609951117992430694e-02,3.359712366596429316e-05
7.650000000000000133e-01,9.999999632498339786e-01,9.999987285466366282e-01,9.998082707518799461e-01,9.433778654137510156e-01,3.077033142773135874e-02,4.027237770195025865e-05
7.700000000000000178e-01,9.999999676637568724e-01,9.999988909532319115e-01,9.998344481045943200e-01,9.512369189687758242e-01,3.623402634439468195e-02,4.825324270120580583e-05
7.750000000000000222e-01,9.999999715471640238e-01,9.999990325264039859e-01,9.998570275213328751e-01,9.580434965795302515e-01,4.261148204269078060e-02,5.779126689074570586e-05
7.800000000000000266e-01,9.999999749638699420e-01,9.999991559510813532e-01,9.998765069797638239e-01,9.639273378090761346e-01,5.003734523762191910e-02,6.918576593328937697e-05
7.850000000000000311e-01,9.999999779700809999e-01,9.999992635643683014e-01,9.998933150345754584e-01,9.690053568393558470e-01,5.865991458416732612e-02,8.279276633291447350e-05
7.900000000000000355e-01,9.999999806151479431e-01,9.999993574010034303e-01,9.999078205668919805e-01,9.733819887689207917e-01,6.864030776818685897e-02,9.903559968134278079e-05
7.950000000000000400e-01,9.999999829424964792e-01,9.999994392325111114e-01,9.999203411546980780e-01,9.771498455096470082e-01,8.015064974294948408e-02,1.184174478601511201e-04
8.000000000000000444e-01,9.999999849903640214e-01,9.999995106015356905e-01,9.999311502606849089e-01,9.803905593508224214e-01,9.337099803825306410e-02,1.415361928716684736e-04
8.050000000000000488e-01,9.999999867923168306e-01,9.999995728516163362e-01,9.999404834053780000e-01,9.831757231650090079e-01,1.084847133396402152e-01,1.691019878292404773e-04
8.100000000000000533e-01,9.999999883779572274e-01,9.999996271528484026e-01,9.999485434703859754e-01,9.855678617505195804e-01,1.256720131532678419e-01,2.019580393330897841e-04
8.149999999999999467e-01,9.999999897732801957e-01,9.999996745245525176e-01,9.999555052545816558e-01,9.876213890858086542e-01,1.451015318060682457e-01,2.411051777445121728e-04
8.199999999999999512e-01,9.999999910011042603e-01,9.999997158547403453e-01,9.999615193896591592e-01,9.893835218756694694e-01,1.669198696642062718e-01,2.877308927753804632e-04
8.249999999999999556e-01,9.999999920816239340e-01,9.999997519170640281e-01,9.999667157056879585e-01,9.908951314276536193e-01,1.912393609649463699e-01,3.432436295778788912e-04
8.299999999999999600e-01,9.999999930324738884e-01,9.999997833857247054e-01,9.999712061242634897e-01,9.921915243575123444e-01,2.181246219068508352e-01,4.093132777314270111e-04
8.349999999999999645e-01,9.999999938692929469e-01,9.999998108482210935e-01,9.999750871466606128e-01,9.933031485745493772e-01,2.475788339255138026e-01,4.879189449944821341e-04
8.399999999999999689e-01,9.999999946057380740e-01,9.999998348165446416e-01,9.999784419933167579e-01,9.942562250354483044e-01,2.795311151204596389e-01,5.814052925192464633e-04
8.449999999999999734e-01,9.999999952538409786e-01,9.999998557371002628e-01,9.999813424444843335e-01,9.950733083646329247e-01,3.138266464505257702e-01,6.925489217555943480e-04
8.499999999999999778e-01,9.999999958242624665e-01,9.999998739988783525e-01,9.999838504239949577e-01,9.957737810106966903e-01,3.502213377214644652e-01,8.246365489048141902e-04
8.549999999999999822e-01,9.999999963262680147e-01,9.999998899410990072e-01,9.999860193618850257e-01,9.963742864418887457e-01,3.883826359327715583e-01,9.815569840510109979e-04
8.599999999999999867e-01,9.999999967681203472e-01,9.999999038595207557e-01,9.999878953675775950e-01,9.968891072071096593e-01,4.278975349026176711e-01,1.167909252139207477e-03
8.649999999999999911e-01,9.999999971570212587e-01,9.999999160119625863e-01,9.999895182396610904e-01,9.973304936706607338e-01,4.682879651813523503e-01,1.389129554455546811e-03
8.699999999999999956e-01,9.999999974992945795e-01,9.999999266233872142e-01,9.999909223354115362e-01,9.977089489946938672e-01,5.090326590442088017e-01,1.651640173681092737e-03
8.750000000000000000e-01,9.999999978005837953e-01,9.999999358898800095e-01,9.999921373198140673e-01,9.980334755780486677e-01,5.495935196132050171e-01,1.963023872545268181e-03
8.800000000000000044e-01,9.999999980657570120e-01,9.999999439825129066e-01,9.999931888105031419e-01,9.983117877272672525e-01,5.894437321763768001e-01,2.332227822214023080e-03
8.850000000000000089e-01,9.999999982991880643e-01,9.999999510505563904e-01,9.999940989336135733e-01,9.985504948758716637e-01,6.280945460432064698e-01,2.769801613859963416e-03
8.900000000000000133e-01,9.999999985046685858e-01,9.999999572241389245e-01,9.999948868028545323e-01,9.987552592115862549e-01,6.651179098280859403e-01,3.288174440684538818e-03
8.950000000000000178e-01,9.999999986855154788e-01,9.999999626168879496e-01,9.999955689320451091e-01,9.989309311304556127e-01,7.001628904012106025e-01,3.901977063740252709e-03
9.000000000000000222e-01,9.999999988447494381e-01,9.999999673279105217e-01,9.999961595911522894e-01,9.990816655292346082e-01,7.329648473517103024e-01,4.628414654870387918e-03
9.050000000000000266e-01,9.999999989848942228e-01,9.999999714436317300e-01,9.999966711131436092e-01,9.992110215703247089e-01,7.633474171625840299e-01,5.487696987251921947e-03
9.100000000000000311e-01,9.999999991082861861e-01,9.999999750395822673e-01,9.999971141583307022e-01,9.993220482169865582e-01,7.912182586330300804e-01,6.503532634693046620e-03
9.150000000000000355e-01,9.999999992169281704e-01,9.999999781815878119e-01,9.999974979428900568e-01,9.994173575319462710e-01,8.165600848740078854e-01,7.703693727091282320e-03
9.200000000000000400e-01,9.999999993125365805e-01,9.999999809271614692e-01,9.999978304354574243e-01,9.994991874673205823e-01,8.394187243759818617e-01,9.120657226575262788e-03
9.250000000000000444e-01,9.999999993967421119e-01,9.999999833264902049e-01,9.999981185271266115e-01,9.995694556357086480e-01,8.598898676404965746e-01,1.079232741255733291e-02
9.300000000000000488e-01,9.999999994708628215e-01,9.999999854233363461e-01,9.999983681780718614e-01,9.996298053491781133e-01,8.781058676069745106e-01,1.276284199450431617e-02
9.350000000000000533e-01,9.999999995361266159e-01,9.999999872560177971e-01,9.999985845439371968e-01,9.996816450309871094e-01,8.942235805411646865e-01,1.508346061720715683e-02
9.399999999999999467e-01,9.999999995936046382e-01,9.999999888578937624e-01,9.999987720850970208e-01,9.997261819517490045e-01,9.084138486518370526e-01,1.781352898621704414e-02
9.449999999999999512e-01,9.999999996441872874e-01,9.999999902580932742e-01,9.999989346610739238e-01,9.997644511049509353e-01,9.208528944255108817e-01,2.102150380603977700e-02
9.499999999999999556e-01,9.999999996887583009e-01,9.999999914821421365e-01,9.999990756117670410e-01,9.997973399227342295e-01,9.317156464379483527e-01,2.478601246306710512e-02
9.549999999999999600e-01,9.999999997280024644e-01,9.999999925522109478e-01,9.999991978279036964e-01,9.998256094306688935e-01,9.411708505092347687e-01,2.919690608725939232e-02
9.599999999999999645e-01,9.999999997625317327e-01,9.999999934877767949e-01,9.999993038118446531e-01,9.998499123564060787e-01,9.493777275047599051e-01,3.435624446668933407e-02
9.649999999999999689e-01,9.999999997929847062e-01,9.999999943057846785e-01,9.999993957298766167e-01,9.998708086309334719e-01,9.564839026281082290e-01,4.037912556825005300e-02
9.699999999999999734e-01,9.999999998197770523e-01,9.999999950210192168e-01,9.999994754577830047e-01,9.998887786600199057e-01,9.626243328746957317e-01,4.739424080030713721e-02
9.749999999999999778e-01,9.999999998433901638e-01,9.999999956464789008e-01,9.999995446198945981e-01,9.999042346868304287e-01,9.679209840711097135e-01,5.554400003691855464e-02
9.799999999999999822e-01,9.999999998641899701e-01,9.999999961934293857e-01,9.999996046229671087e-01,9.999175305223700905e-01,9.724830449306592906e-01,6.498402947521732254e-02
9.849999999999999867e-01,9.999999998824966596e-01,9.999999966717783018e-01,9.999996566856341751e-01,9.999289698784870062e-01,9.764075048046602090e-01,7.588180425130071349e-02
9.899999999999999911e-01,9.999999998986499605e-01,9.999999970901649604e-01,9.999997018634881885e-01,9.999388135057656335e-01,9.797799593607274815e-01,8.841414282245171896e-02
9.949999999999999956e-01,9.999999999128523775e-01,9.999999974560651594e-01,9.999997410711187751e-01,9.999472853080566548e-01,9.826755416555373879e-01,1.027632714136834935e-01
1.000000000000000000e+00,9.999999999253992300e-01,9.999999977761611092e-01,9.999997751010998304e-01,9.999545775815562587e-01,9.851599039264361535e-01,1.191111782937483987e-01
1.004999999999999893e+00,9.999999999364570513e-01,9.999999980561709023e-01,9.999998046402225338e-01,9.999608555045432778e-01,9.872901978335524298e-01,1.376320367731946603e-01
1.010000000000000009e+00,9.999999999461666178e-01,9.999999983010994242e-01,9.999998302837526110e-01,9.999662609850498152e-01,9.891160182964569003e-01,1.584826015511021924e-01
1.014999999999999902e+00,9.999999999547637408e-01,9.999999985154106596e-01,9.999998525477198363e-01,9.999709159595979724e-01,9.906802891980343029e-01,1.817906914099662319e-01
1.020000000000000018e+00,9.999999999623105928e-01,9.999999987028971304e-01,9.999998718794200769e-01,9.999749252210251571e-01,9.920200788421109639e-01,2.076421682644042366e-01
1.024999999999999911e+00,9.999999999689936914e-01,9.999999988669521223e-01,9.999998886667431641e-01,9.999783788436478194e-01,9.931673398798905872e-01,2.360671948480464744e-01
1.030000000000000027e+00,9.999999999748894197e-01,9.999999990105279402e-01,9.999999032460127335e-01,9.999813542632257635e-01,9.941495731074759812e-01,2.670269588610567069e-01
1.034999999999999920e+00,9.999999999800621708e-01,9.999999991361221419e-01,9.999999159088299727e-01,9.999839180608889322e-01,9.949904176139001688e-01,3.004024145949610869e-01
1.040000000000000036e+00,9.999999999846576060e-01,9.999999992460684162e-01,9.999999269082242570e-01,9.999861274940274880e-01,9.957101716580424311e-01,3.359868098052751217e-01
1.044999999999999929e+00,9.999999999886877156e-01,9.999999993422883371e-01,9.999999364636005250e-01,9.999880318097754683e-01,9.963262497093499093e-01,3.734837233792814848e-01
1.050000000000000044e+00,9.999999999922639660e-01,9.999999994264947567e-01,9.999999447652833107e-01,9.999896733722125619e-01,9.968535815533615674e-01,4.125119527502562611e-01
1.054999999999999938e+00,9.999999999954378715e-01,9.999999995002184505e-01,9.999999519784740221e-01,9.999910886301667245e-01,9.973049594353603498e-01,4.526178427909310908e-01
1.060000000000000053e+00,9.999999999982094323e-01,9.999999995647348427e-01,9.999999582464438319e-01,9.999923089479954008e-01,9.976913390289768868e-01,4.932946256673770846e-01
1.064999999999999947e+00,1.000000000000688116e+00,9.999999996212309838e-01,9.999999636935463787e-01,9.999933613189474491e-01,9.980220996728705884e-01,5.340072329532665751e-01
1.070000000000000062e+00,1.000000000002863931e+00,9.999999996706998573e-01,9.999999684277408596e-01,9.999942689779417471e-01,9.983052688901490335e-01,5.742200993236010742e-01
1.074999999999999956e+00,1.000000000004786838e+00,9.999999997139794594e-01,9.999999725426557129e-01,9.999950519278253402e-01,9.985477157386415392e-01,6.134249409680752052e-01
1.080000000000000071e+00,1.000000000006519008e+00,9.999999997519157802e-01,9.999999761196555204e-01,9.999957273914744649e-01,9.987553170668358460e-01,6.511655050632073616e-01
1.084999999999999964e+00,1.000000000008012480e+00,9.999999997851176659e-01,9.999999792293259304e-01,9.999963102004789661e-01,9.989331002941753690e-01,6.870568441745157351e-01
1.090000000000000080e+00,1.000000000009375167e+00,9.999999998141966273e-01,9.999999819329089545e-01,9.999968131288913264e-01,9.990853659047032043e-01,7.207976196316915329e-01
1.094999999999999973e+00,1.000000000010580870e+00,9.999999998396851275e-01,9.999999842836995168e-01,9.999972471803114660e-01,9.992157924484655895e-01,7.521750390227445182e-01
1.100000000000000089e+00,1.000000000011625811e+00,9.999999998619761854e-01,9.999999863278838941e-01,9.999976218346480206e-01,9.993275264866934293e-01,7.810630366999194996e-01
1.104999999999999982e+00,1.000000000012583712e+00,9.999999998815423119e-01,9.999999881055653406e-01,9.999979452602114627e-01,9.994232595974652522e-01,8.074150309378748114e-01
1.110000000000000098e+00,1.000000000013413270e+00,9.999999998986783822e-01,9.999999896516859055e-01,9.999982244961684863e-01,9.995052942742058688e-01,8.312529590937670632e-01
1.114999999999999991e+00,1.000000000014180435e+00,9.999999999136703899e-01,9.999999909964599754e-01,9.999984656095741720e-01,9.995756002996726286e-01,8.526543236995155484e-01
1.120000000000000107e+00,1.000000000014865220e+00,9.999999999268287532e-01,9.999999921662402480e-01,9.999986738302114597e-01,9.996358629589228162e-01,8.717387643478315962e-01
1.125000000000000000e+00,1.000000000015450530e+00,9.999999999383519800e-01,9.999999931838825518e-01,9.999988536667547834e-01,9.996875242647115245e-01,8.886553131355403590e-01
1.129999999999999893e+00,1.000000000016007640e+00,9.999999999484723290e-01,9.999999940691912670e-01,9.999990090069024173e-01,9.997318182026817546e-01,9.035710960503889888e-01
1.135000000000000009e+00,1.000000000016476820e+00,9.999999999573443432e-01,9.999999948395092986e-01,9.999991432031174465e-01,9.997698008614692711e-01,9.166618813916177499e-01
1.139999999999999902e+00,1.000000000016914470e+00,9.999999999651074667e-01,9.999999955098051174e-01,9.999992591467967706e-01,9.998023761880679983e-01,9.281045887417880280e-01
1.145000000000000018e+00,1.000000000017331914e+00,9.999999999719344501e-01,9.999999960930692211e-01,9.999993593321040430e-01,9.998303180036112181e-01,9.380716703475738827e-01
1.149999999999999911e+00,1.000000000017672974e+00,9.999999999779092263e-01,9.999999966006991592e-01,9.999994459106306133e-01,9.998542888226426006e-01,9.467271548267646164e-01
1.155000000000000027e+00,1.000000000018013813e+00,9.999999999831641340e-01,9.999999970425137441e-01,9.999995207388380214e-01,9.998748559404779801e-01,9.542240853010444113e-01
1.159999999999999920e+00,1.000000000018298918e+00,9.999999999877879908e-01,9.999999974270554759e-01,9.999995854186898292e-01,9.998925051860231283e-01,9.607030721069830248e-01
1.165000000000000036e+00,1.000000000018573587e+00,9.999999999918172122e-01,9.999999977618152514e-01,9.999996413327042477e-01,9.999076526794794528e-01,9.662916973919811747e-01
1.169999999999999929e+00,1.000000000018840263e+00,9.999999999953899099e-01,9.999999980532190413e-01,9.999996896741601971e-01,9.999206548857877408e-01,9.711045417857727680e-01
1.175000000000000044e+00,1.000000000019052759e+00,9.999999999985291765e-01,9.999999983069400855e-01,9.999997314732053111e-01,9.999318172109830094e-01,9.752436423793638953e-01
1.179999999999999938e+00,1.000000000019278135e+00,1.000000000001262546e+00,9.999999985278678061e-01,9.999997676190792717e-01,9.999414013538917567e-01,9.787992302807528855e-01
1.185000000000000053e+00,1.000000000019462654e+00,1.000000000003695266e+00,9.999999987201939611e-01,9.999997988797439952e-01,9.999496315941294178e-01,9.818506315309827315e-01
1.189999999999999947e+00,1.000000000019653390e+00,1.000000000005818679e+00,9.999999988877137369e-01,9.999998259182857341e-01,9.999567001708369318e-01,9.844672455321887838e-01
1.195000000000000062e+00,1.000000000019829249e+00,1.000000000007700951e+00,9.999999990336063682e-01,9.999998493073648520e-01,9.999627718840591317e-01,9.867095399363118302e-01
1.199999999999999956e+00,1.000000000019984681e+00,1.000000000009375611e+00,9.999999991606420835e-01,9.999998695416895123e-01,9.999679880321734604e-01,9.886300204660003477e-01
