M_omega,dN_dtdw_greybody,dN_dtdw_blackbody27
5.000000000000000104e-03,4.915067944963861677e-04,8.023073977118589306e-04
1.000000000000000021e-02,9.549133344078840303e-04,1.503926340197258432e-03
1.499999999999999944e-02,1.392259940729952345e-03,2.111562614494064995e-03
2.000000000000000042e-02,1.804717948787237965e-03,2.631851873480963496e-03
2.500000000000000139e-02,2.192860391938822144e-03,3.071325939409888170e-03
2.999999999999999889e-02,2.556782372663076678e-03,3.436380709157690633e-03
3.500000000000000333e-02,2.896173026317522530e-03,3.733246125394324658e-03
4.000000000000000083e-02,3.210368709400856103e-03,3.967958621953507521e-03
4.499999999999999833e-02,3.498401236674955183e-03,4.146336386328517386e-03
5.000000000000000278e-02,3.759049495370102561e-03,4.273957710016615917e-03
5.500000000000000028e-02,3.990900206689854818e-03,4.356142621182003752e-03
5.999999999999999778e-02,4.192421892543493102e-03,4.397937916596491616e-03
6.500000000000000222e-02,4.362054425649537943e-03,4.404105633725066520e-03
7.000000000000000666e-02,4.498314522833568758e-03,4.379114931580973744e-03
7.499999999999999722e-02,4.599915047764572239e-03,4.327137282670092192e-03
8.000000000000000167e-02,4.665893091270076516e-03,4.252044819653074542e-03
8.500000000000000611e-02,4.695738774687333028e-03,4.157411630498742371e-03
8.999999999999999667e-02,4.689514061151754329e-03,4.046517755643202000e-03
9.500000000000000111e-02,4.647949183917431809e-03,3.922355610317864588e-03
1.000000000000000056e-01,4.572504240503084266e-03,3.787638534667622531e-03
1.049999999999999961e-01,4.465385497949930955e-03,3.644811163094832749e-03
1.100000000000000006e-01,4.329510064223947297e-03,3.496061301692777925e-03
1.150000000000000050e-01,4.168418350551894060e-03,3.343333007713637870e-03
1.199999999999999956e-01,3.986140234043156379e-03,3.188340576644600570e-03
1.250000000000000000e-01,3.787026791880404326e-03,3.032583159457599622e-03
1.300000000000000044e-01,3.575563711400025178e-03,2.877359753752835227e-03
1.350000000000000089e-01,3.356184155213080573e-03,2.723784336667917864e-03
1.400000000000000133e-01,3.133097756152977524e-03,2.572800933484301229e-03
1.449999999999999900e-01,2.910148953418056732e-03,2.425198442847859882e-03
1.499999999999999944e-01,2.690712951084731422e-03,2.281625066575651908e-03
1.549999999999999989e-01,2.477632257377617060e-03,2.142602218427823533e-03
1.600000000000000033e-01,2.273192008719249983e-03,2.008537811404288286e-03
1.650000000000000078e-01,2.079128741423005855e-03,1.879738846638000747e-03
1.700000000000000122e-01,1.896665205300421915e-03,1.756423248485261893e-03
1.749999999999999889e-01,1.726563140370106567e-03,1.638730909757583204e-03
1.799999999999999933e-01,1.569186363543640696e-03,1.526733928097930059e-03
1.849999999999999978e-01,1.424567650525721462e-03,1.420446029259065128e-03
1.900000000000000022e-01,1.292474377809696776e-03,1.319831185544012488e-03
1.950000000000000067e-01,1.172469416314302244e-03,1.224811448021414367e-03
2.000000000000000111e-01,1.063965146902660008e-03,1.135274019474556868e-03
2.049999999999999878e-01,9.662695968072482211e-04,1.051077601550836358e-03
2.099999999999999922e-01,8.786245449225117861e-04,9.720580544334454180e-04
2.149999999999999967e-01,8.002360301903355426e-04,8.980334107509671060e-04
2.200000000000000011e-01,7.302980627670990202e-04,8.288082875650173683e-04
2.250000000000000056e-01,6.680105324105170637e-04,7.641777413169640850e-04
2.300000000000000100e-01,6.125923798421656612e-04,7.039306107479423097e-04
2.349999999999999867e-01,5.632910834329140585e-04,6.478523921949015316e-04
2.399999999999999911e-01,5.193894431520844563e-04,5.957276904576012467e-04
2.449999999999999956e-01,4.802105332873432791e-04,5.473422867600482482e-04
2.500000000000000000e-01,4.451215530838765317e-04,5.024848633116398228e-04
2.550000000000000044e-01,4.135371327537058230e-04,4.609484217096243390e-04
2.600000000000000089e-01,3.849224528203877929e-04,4.225314300017969974e-04
2.650000000000000133e-01,3.587963131614120430e-04,3.870387307192489743e-04
2.700000000000000178e-01,3.347340589435757120e-04,3.542822396533885313e-04
2.750000000000000222e-01,3.123700599601330697e-04,3.240814626377916722e-04
2.800000000000000266e-01,2.913992835223855478e-04,2.962638551420720685e-04
2.849999999999999756e-01,2.715774373369863465e-04,2.706650471213223720e-04
2.899999999999999800e-01,2.527192161003301123e-04,2.471289533125723250e-04
2.949999999999999845e-01,2.346943686702300318e-04,2.255077870444637889e-04
2.999999999999999889e-01,2.174215839790370069e-04,2.056619936377776297e-04
3.049999999999999933e-01,2.008605149774454507e-04,1.874601176279461993e-04
3.099999999999999978e-01,1.850025461217430175e-04,1.707786163379272388e-04
3.150000000000000022e-01,1.698610928468785879e-04,1.555016307695922934e-04
3.200000000000000067e-01,1.554622609540651159e-04,1.415207233606277854e-04
3.250000000000000111e-01,1.418365896351408181e-04,1.287345908666526206e-04
3.300000000000000155e-01,1.290123904174327756e-04,1.170487594683900136e-04
3.350000000000000200e-01,1.170109333460693561e-04,1.063752681640074493e-04
3.400000000000000244e-01,1.058434801757705064e-04,9.663234557929725353e-05
3.449999999999999734e-01,9.550996620320516815e-05,8.774408450514690420e-05
3.499999999999999778e-01,8.599900905383283918e-05,7.964011774452784895e-05
3.549999999999999822e-01,7.728887427544630544e-05,7.225529821197521996e-05
3.599999999999999867e-01,6.934903937656521674e-05,6.552938566936688744e-05
3.649999999999999911e-01,6.214204900850244526e-05,5.940674199521736381e-05
3.699999999999999956e-01,5.562542377339909310e-05,5.383603646351579804e-05
3.750000000000000000e-01,4.975345751779944634e-05,4.876996214563885003e-05
3.800000000000000044e-01,4.447880257192718704e-05,4.416496423878548913e-05
3.850000000000000089e-01,3.975379412779611864e-05,3.998098086088459311e-05
3.900000000000000133e-01,3.553150264604779286e-05,3.618119662969199169e-05
3.950000000000000178e-01,3.176652809150826742e-05,3.273180915790408721e-05
4.000000000000000222e-01,2.841556432716341402e-05,2.960180844213976381e-05
4.050000000000000266e-01,2.543776883307078285e-05,2.676276899752949204e-05
4.099999999999999756e-01,2.279497451827421884e-05,2.418865448778432449e-05
4.149999999999999800e-01,2.045177875331304380e-05,2.185563451972077589e-05
4.199999999999999845e-01,1.837554134048959194e-05,1.974191320839281945e-05
4.249999999999999889e-01,1.653631894957393469e-05,1.782756907162033255e-05
4.299999999999999933e-01,1.490675916987915641e-05,1.609440577852283194e-05
4.349999999999999978e-01,1.346197305131075076e-05,1.452581325362332436e-05
4.400000000000000022e-01,1.217940089835763880e-05,1.310663862440843287e-05
4.450000000000000067e-01,1.103868208814143259e-05,1.182306649434390908e-05
4.500000000000000111e-01,1.002153571679516834e-05,1.066250802389360872e-05
4.550000000000000155e-01,9.111654902408753147e-06,9.613498307882711931e-06
4.600000000000000200e-01,8.294613686418491081e-06,8.665601547563537253e-06
4.650000000000000244e-01,7.557781964430247091e-06,7.809323529096085764e-06
4.699999999999999734e-01,6.890241199861901510e-06,7.036030936092453269e-06
4.749999999999999778e-01,6.282692367166961154e-06,6.337877041747786055e-06
4.799999999999999822e-01,5.727348070132474560e-06,5.707733345342735519e-06
4.849999999999999867e-01,5.217803207154263047e-06,5.139126738093966302e-06
4.899999999999999911e-01,4.748882560764776538e-06,4.626181804064390091e-06
4.949999999999999956e-01,4.316468449428743822e-06,4.163567882803154522e-06
5.000000000000000000e-01,3.917315986100749413e-06,3.746450541305352086e-06
5.050000000000000044e-01,3.548866477804037415e-06,3.370447123549739948e-06
5.100000000000000089e-01,3.209070402287032259e-06,3.031586066117775246e-06
5.150000000000000133e-01,2.896230134171552704e-06,2.726269688086469146e-06
5.200000000000000178e-01,2.608869658416325128e-06,2.451240182415997994e-06
5.250000000000000222e-01,2.345634749342093092e-06,2.203548554345740959e-06
5.300000000000000266e-01,2.105223402276559387e-06,1.980526269813561414e-06
5.350000000000000311e-01,1.886343365844408117e-06,1.779759393588235866e-06
5.400000000000000355e-01,1.687691782354584508e-06,1.599065012632870404e-06
5.450000000000000400e-01,1.507951219687560547e-06,1.436469755191541475e-06
5.500000000000000444e-01,1.345796559757635190e-06,1.290190230214670629e-06
5.550000000000000488e-01,1.199907982920828245e-06,1.158615225023353623e-06
5.600000000000000533e-01,1.068986344598389885e-06,1.040289511576782195e-06
5.649999999999999467e-01,9.517683357491213919e-07,9.338991233743079488e-07
5.699999999999999512e-01,8.470397958212880598e-07,8.382579759221867955e-07
5.749999999999999556e-01,7.536463288717452356e-07,7.522957138553031584e-07
5.799999999999999600e-01,6.705009436615933027e-07,6.750466772590837833e-07
5.849999999999999645e-01,5.965888162269096614e-07,6.056398885205612828e-07
5.899999999999999689e-01,5.309694954280936978e-07,5.432899691846598361e-07
5.949999999999999734e-01,4.727769790105858229e-07,4.872889038375883799e-07
5.999999999999999778e-01,4.212181167747939053e-07,4.369985750181399265e-07
